#engineer
    INSERT INTO Engineer (ID, namee, address, dob, nationality, job, profession)
VALUES 
    (71, 'John Smith', 'London, UK', '1980-03-15', 'British', 'Race Engineer', 'Mechanical Engineer'),
    (72, 'Maria Garcia', 'Barcelona, Spain', '1985-06-22', 'Spanish', 'Technical Director', 'Aero Engineer'),
    (73, 'Hiroshi Tanaka', 'Tokyo, Japan', '1978-12-05', 'Japanese', 'Data Analyst', 'Electrical Engineer'),
    (74, 'Isabella Rossi', 'Milan, Italy', '1982-09-10', 'Italian', 'Simulation Engineer', 'Software Engineer'),
    (75, 'Chen Wei', 'Shanghai, China', '1987-04-18', 'Chinese', 'Vehicle Dynamics Specialist', 'Mechanical Engineer'),
    (76, 'Anton Petrov', 'Moscow, Russia', '1984-07-30', 'Russian', 'Power Unit Engineer', 'Electrical Engineer'),
    (77, 'Léa Dubois', 'Paris, France', '1988-02-14', 'French', 'Race Strategist', 'Aero Engineer'),
    (78, 'Elena Sanchez', 'Madrid, Spain', '1983-11-25', 'Spanish', 'Chief Mechanic', 'Mechanical Engineer'),
    (79, 'Kenji Nakamura', 'Osaka, Japan', '1979-05-08', 'Japanese', 'Simulation Engineer', 'Software Engineer'),
    (80, 'Luca Ferrari', 'Maranello, Italy', '1981-08-20', 'Italian', 'Technical Director', 'Mechanical Engineer'),
    (81, 'Yuki Kimura', 'Tokyo, Japan', '1986-06-12', 'Japanese', 'Data Analyst', 'Electrical Engineer'),
    (82, 'Alessia Bianchi', 'Rome, Italy', '1980-04-03', 'Italian', 'Power Unit Engineer', 'Electrical Engineer'),
    (83, 'Miguel Rodriguez', 'Barcelona, Spain', '1987-09-17', 'Spanish', 'Race Engineer', 'Mechanical Engineer'),
    (84, 'Anna Nowak', 'Warsaw, Poland', '1984-12-30', 'Polish', 'Simulation Engineer', 'Software Engineer'),
    (85, 'Seung-Ho Lee', 'Seoul, South Korea', '1983-03-08', 'Korean', 'Race Strategist', 'Aero Engineer'),
    (86, 'Sabrina Müller', 'Berlin, Germany', '1986-10-23', 'German', 'Chief Mechanic', 'Mechanical Engineer'),
    (87, 'Ricardo Silva', 'Lisbon, Portugal', '1982-07-11', 'Portuguese', 'Data Analyst', 'Electrical Engineer'),
    (88, 'Li Wei', 'Beijing, China', '1980-01-05', 'Chinese', 'Technical Director', 'Mechanical Engineer'),
    (89, 'Elena Martínez', 'Valencia, Spain', '1985-04-28', 'Spanish', 'Simulation Engineer', 'Software Engineer'),
    (90, 'Takeshi Yamamoto', 'Osaka, Japan', '1983-11-15', 'Japanese', 'Power Unit Engineer', 'Electrical Engineer'),
    (91, 'Olga Ivanova', 'Moscow, Russia', '1988-06-07', 'Russian', 'Race Strategist', 'Aero Engineer'),
    (92, 'Fabio Conti', 'Milan, Italy', '1984-03-25', 'Italian', 'Chief Mechanic', 'Mechanical Engineer'),
    (93, 'Wei Liang', 'Shanghai, China', '1987-09-02', 'Chinese', 'Data Analyst', 'Electrical Engineer'),
    (94, 'Sophie Lefevre', 'Paris, France', '1981-04-16', 'French', 'Power Unit Engineer', 'Electrical Engineer'),
    (95, 'Ryuji Tanaka', 'Tokyo, Japan', '1986-11-20', 'Japanese', 'Race Engineer', 'Mechanical Engineer'),
    (96, 'Isabel Fernandez', 'Madrid, Spain', '1983-08-12', 'Spanish', 'Simulation Engineer', 'Software Engineer'),
    (97, 'Wang Jian', 'Beijing, China', '1980-02-28', 'Chinese', 'Technical Director', 'Mechanical Engineer'),
    (98, 'Andreas Müller', 'Berlin, Germany', '1985-07-15', 'German', 'Data Analyst', 'Electrical Engineer'),
    (99, 'Aya Takahashi', 'Tokyo, Japan', '1982-12-18', 'Japanese', 'Race Strategist', 'Aero Engineer'),
    (100, 'Giovanni Rossi', 'Milan, Italy', '1987-05-09', 'Italian', 'Chief Mechanic', 'Mechanical Engineer'),
    (101, 'Chen Mei', 'Shanghai, China', '1984-10-31', 'Chinese', 'Power Unit Engineer', 'Electrical Engineer'),
    (102, 'Charlotte Dupont', 'Paris, France', '1981-03-24', 'French', 'Simulation Engineer', 'Software Engineer'),
    (103, 'Takashi Nakamura', 'Osaka, Japan', '1986-09-07', 'Japanese', 'Technical Director', 'Mechanical Engineer'),
    (104, 'Ana Rodriguez', 'Barcelona, Spain', '1983-04-03', 'Spanish', 'Data Analyst', 'Electrical Engineer'),
    (105, 'Seo-Joon Kim', 'Seoul, South Korea', '1980-11-16', 'Korean', 'Race Engineer', 'Mechanical Engineer'),
    (106, 'Eva Schmidt', 'Berlin, Germany', '1985-08-29', 'German', 'Simulation Engineer', 'Software Engineer'),
    (107, 'José Oliveira', 'Lisbon, Portugal', '1982-01-13', 'Portuguese', 'Race Strategist', 'Aero Engineer'),
    (108, 'Xiao Wei', 'Beijing, China', '1987-06-26', 'Chinese', 'Chief Mechanic', 'Mechanical Engineer'),
    (109, 'Isabella Costa', 'Rome, Italy', '1984-03-10', 'Italian', 'Power Unit Engineer', 'Electrical Engineer'),
    (110, 'Yukihiro Takahashi', 'Tokyo, Japan', '1981-10-23', 'Japanese', 'Technical Director', 'Mechanical Engineer'),
    (111, 'Marta Hernandez', 'Barcelona, Spain', '1986-05-08', 'Spanish', 'Data Analyst', 'Electrical Engineer'),
    (112, 'Jin Wang', 'Shanghai, China', '1983-12-31', 'Chinese', 'Simulation Engineer', 'Software Engineer'),
    (113, 'Klaus Müller', 'Berlin, Germany', '1980-07-15', 'German', 'Power Unit Engineer', 'Electrical Engineer'),
    (114, 'Elena Costa', 'Rome, Italy', '1985-02-18', 'Italian', 'Technical Director', 'Mechanical Engineer'),
    (115, 'Kazuki Tanaka', 'Tokyo, Japan', '1982-09-03', 'Japanese', 'Race Strategist', 'Aero Engineer'),
    (116, 'Sophia Becker', 'Berlin, Germany', '1987-04-19', 'German', 'Chief Mechanic', 'Mechanical Engineer'),
    (117, 'Luiz Oliveira', 'Lisbon, Portugal', '1981-11-08', 'Portuguese', 'Data Analyst', 'Electrical Engineer'),
    (118, 'Cheng Wei', 'Beijing, China', '1986-06-21', 'Chinese', 'Power Unit Engineer', 'Electrical Engineer'),
    (119, 'Elena Santos', 'Madrid, Spain', '1983-01-14', 'Spanish', 'Race Engineer', 'Mechanical Engineer'),
    (120, 'Hiroshi Yamamoto', 'Tokyo, Japan', '1980-08-30', 'Japanese', 'Simulation Engineer', 'Software Engineer'),
    (121, 'Mia Chen', 'Shanghai, China', '1985-01-01', 'Chinese', 'Technical Director', 'Mechanical Engineer'),
    (122, 'Ricardo Müller', 'Berlin, Germany', '1982-06-14', 'German', 'Data Analyst', 'Electrical Engineer'),
    (123, 'Akira Nakamura', 'Osaka, Japan', '1987-11-27', 'Japanese', 'Race Strategist', 'Aero Engineer'),
    (124, 'Anna Ferrari', 'Maranello, Italy', '1981-04-10', 'Italian', 'Chief Mechanic', 'Mechanical Engineer'),
    (125, 'Wei Liang', 'Shanghai, China', '1986-09-23', 'Chinese', 'Power Unit Engineer', 'Electrical Engineer'),
    (126, 'Charlotte Dupont', 'Paris, France', '1983-02-06', 'French', 'Simulation Engineer', 'Software Engineer'),
    (127, 'Takashi Nakamura', 'Osaka, Japan', '1980-07-19', 'Japanese', 'Technical Director', 'Mechanical Engineer'),
    (128, 'Ana Rodriguez', 'Barcelona, Spain', '1985-12-02', 'Spanish', 'Data Analyst', 'Electrical Engineer'),
    (129, 'Seo-Joon Kim', 'Seoul, South Korea', '1982-05-17', 'Korean', 'Race Engineer', 'Mechanical Engineer'),
    (130, 'Eva Schmidt', 'Berlin, Germany', '1987-10-30', 'German', 'Simulation Engineer', 'Software Engineer'),
    (131, 'José Oliveira', 'Lisbon, Portugal', '1981-03-13', 'Portuguese', 'Race Strategist', 'Aero Engineer'),
    (132, 'Xiao Wei', 'Beijing, China', '1986-08-26', 'Chinese', 'Chief Mechanic', 'Mechanical Engineer'),
    (133, 'Isabella Costa', 'Rome, Italy', '1983-01-09', 'Italian', 'Power Unit Engineer', 'Electrical Engineer'),
    (134, 'Yukihiro Takahashi', 'Tokyo, Japan', '1980-06-22', 'Japanese', 'Technical Director', 'Mechanical Engineer'),
    (135, 'Marta Hernandez', 'Barcelona, Spain', '1985-11-05', 'Spanish', 'Data Analyst', 'Electrical Engineer'),
    (136, 'Jin Wang', 'Shanghai, China', '1982-04-20', 'Chinese', 'Simulation Engineer', 'Software Engineer'),
    (137, 'Klaus Müller', 'Berlin, Germany', '1987-09-03', 'German', 'Power Unit Engineer', 'Electrical Engineer'),
    (138, 'Elena Costa', 'Rome, Italy', '1981-02-16', 'Italian', 'Technical Director', 'Mechanical Engineer'),
    (139, 'Kazuki Tanaka', 'Tokyo, Japan', '1986-07-31', 'Japanese', 'Race Strategist', 'Aero Engineer'),
    (140, 'Sophia Becker', 'Berlin, Germany', '1983-12-14', 'German', 'Chief Mechanic', 'Mechanical Engineer'),
    (141, 'Luiz Oliveira', 'Lisbon, Portugal', '1980-05-27', 'Portuguese', 'Data Analyst', 'Electrical Engineer'),
    (142, 'Cheng Wei', 'Beijing, China', '1985-10-10', 'Chinese', 'Power Unit Engineer', 'Electrical Engineer'),
    (143, 'Elena Santos', 'Madrid, Spain', '1982-03-25', 'Spanish', 'Race Engineer', 'Mechanical Engineer'),
    (144, 'Hiroshi Yamamoto', 'Tokyo, Japan', '1987-08-07', 'Japanese', 'Simulation Engineer', 'Software Engineer'),
    (145, 'Mia Chen', 'Shanghai, China', '1980-01-20', 'Chinese', 'Technical Director', 'Mechanical Engineer'),
    (146, 'Ricardo Müller', 'Berlin, Germany', '1983-06-02', 'German', 'Data Analyst', 'Electrical Engineer'),
    (147, 'Akira Nakamura', 'Osaka, Japan', '1988-11-15', 'Japanese', 'Race Strategist', 'Aero Engineer'),
    (148, 'Anna Ferrari', 'Maranello, Italy', '1981-04-30', 'Italian', 'Chief Mechanic', 'Mechanical Engineer'),
    (149, 'Wei Liang', 'Shanghai, China', '1986-09-13', 'Chinese', 'Power Unit Engineer', 'Electrical Engineer'),
    (150, 'Charlotte Dupont', 'Paris, France', '1983-02-26', 'French', 'Simulation Engineer', 'Software Engineer'),
	(151, 'John Smith', 'London, UK', '1980-03-15', 'British', 'Race Engineer', 'Mechanical Engineer'),
    (152, 'Maria Garcia', 'Barcelona, Spain', '1985-06-22', 'Spanish', 'Technical Director', 'Aero Engineer'),
    (153, 'Hiroshi Tanaka', 'Tokyo, Japan', '1978-12-05', 'Japanese', 'Data Analyst', 'Electrical Engineer'),
    (154, 'Isabella Rossi', 'Milan, Italy', '1982-09-10', 'Italian', 'Simulation Engineer', 'Software Engineer'),
    (155, 'Chen Wei', 'Shanghai, China', '1987-04-18', 'Chinese', 'Vehicle Dynamics Specialist', 'Mechanical Engineer'),
    (156, 'Anton Petrov', 'Moscow, Russia', '1984-07-30', 'Russian', 'Power Unit Engineer', 'Electrical Engineer'),
    (157, 'Léa Dubois', 'Paris, France', '1988-02-14', 'French', 'Race Strategist', 'Aero Engineer'),
    (158, 'Elena Sanchez', 'Madrid, Spain', '1983-11-25', 'Spanish', 'Chief Mechanic', 'Mechanical Engineer'),
    (159, 'Kenji Nakamura', 'Osaka, Japan', '1979-05-08', 'Japanese', 'Simulation Engineer', 'Software Engineer'),
    (160, 'Luca Ferrari', 'Maranello, Italy', '1981-08-20', 'Italian', 'Technical Director', 'Mechanical Engineer'),
    (161, 'Yuki Kimura', 'Tokyo, Japan', '1986-06-12', 'Japanese', 'Data Analyst', 'Electrical Engineer'),
    (162, 'Alessia Bianchi', 'Rome, Italy', '1980-04-03', 'Italian', 'Power Unit Engineer', 'Electrical Engineer'),
    (163, 'Miguel Rodriguez', 'Barcelona, Spain', '1987-09-17', 'Spanish', 'Race Engineer', 'Mechanical Engineer'),
    (164, 'Anna Nowak', 'Warsaw, Poland', '1984-12-30', 'Polish', 'Simulation Engineer', 'Software Engineer'),
    (165, 'Seung-Ho Lee', 'Seoul, South Korea', '1983-03-08', 'Korean', 'Race Strategist', 'Aero Engineer'),
    (166, 'Sabrina Müller', 'Berlin, Germany', '1986-10-23', 'German', 'Chief Mechanic', 'Mechanical Engineer'),
    (167, 'Ricardo Silva', 'Lisbon, Portugal', '1982-07-11', 'Portuguese', 'Data Analyst', 'Electrical Engineer'),
    (168, 'Li Wei', 'Beijing, China', '1980-01-05', 'Chinese', 'Technical Director', 'Mechanical Engineer'),
    (169, 'Elena Martínez', 'Valencia, Spain', '1985-04-28', 'Spanish', 'Simulation Engineer', 'Software Engineer'),
    (170, 'Takeshi Yamamoto', 'Osaka, Japan', '1983-11-15', 'Japanese', 'Power Unit Engineer', 'Electrical Engineer');



#mechanic
INSERT INTO Mechanic (ID, namee, address, dob, nationality, levell)
VALUES
    (1, 'John Smith', '123 Main St, Cityville', '1980-05-15', 'American', 2),
    (2, 'Emma Johnson', '456 Oak St, Townsville', '1985-09-22', 'Canadian', 1),
    (3, 'Daniel Rodriguez', '789 Pine St, Villageton', '1990-02-10', 'Mexican', 3),
    (4, 'Sophia Lee', '101 Cedar St, Hamletville', '1982-11-30', 'Korean', 2),
    (5, 'Mohammed Ahmed', '234 Elm St, Boroughburg', '1988-07-18', 'Saudi Arabian', 1),
    (6, 'Isabella Wong', '567 Maple St, Metropolis', '1987-04-25', 'Chinese', 3),
    (7, 'Raj Patel', '890 Birch St, District City', '1984-08-12', 'Indian', 2),
    (8, 'Emily Taylor', '111 Walnut St, Countytown', '1992-03-05', 'British', 1),
    (9, 'Carlos Gutierrez', '222 Pine St, Villageton', '1981-06-20', 'Spanish', 3),
    (10, 'Mia Davis', '333 Oak St, Townsville', '1986-09-15', 'Australian', 2),
    (11, 'Ahmed Al-Farsi', '444 Elm St, Boroughburg', '1989-12-08', 'Omani', 1),
    (12, 'Lily Chen', '555 Maple St, Metropolis', '1983-02-28', 'Taiwanese', 3),
    (13, 'Ethan Wilson', '666 Cedar St, Hamletville', '1980-07-10', 'American', 2),
    (14, 'Aisha Khan', '777 Birch St, District City', '1987-11-05', 'Pakistani', 1),
    (15, 'Juan Rodriguez', '888 Walnut St, Countytown', '1984-04-18', 'Mexican', 3),
    (16, 'Olivia Kim', '999 Cedar St, Hamletville', '1991-01-22', 'Korean', 2),
    (17, 'Alexis Martinez', '123 Pine St, Villageton', '1986-06-15', 'Puerto Rican', 1),
    (18, 'Caleb Jackson', '456 Oak St, Townsville', '1982-09-30', 'American', 3),
    (19, 'Zara Ahmed', '789 Elm St, Boroughburg', '1989-03-12', 'Pakistani', 2),
    (20, 'Lucas Nguyen', '101 Maple St, Metropolis', '1985-08-25', 'Vietnamese', 1);
    
#car parts
INSERT INTO Car_Parts (parts_ID, part_Name, versionn, typee, health) VALUES
-- Car 44
(1, 'Engine', 'V6', 'Internal', 81),
(2, 'Chassis', 'V5', 'Internal', 70),
(3, 'Sidepod', 'V4', 'External', 90),
-- car 77
(4, 'Engine', 'V6', 'Internal', 85),
(5, 'Chassis', 'V5', 'Internal', 69),
(6, 'Sidepod', 'V4', 'External', 85),
-- car 33
(7, 'Engine', 'V4', 'Internal', 79),
(8, 'Chassis', 'V4', 'Internal', 65),
(9, 'Sidepod', 'V6', 'External', 80),
-- car 11
(10, 'Engine', 'V4', 'Internal', 80),
(11, 'Chassis', 'V4', 'Internal', 67),
(12, 'Sidepod', 'V6', 'External', 82),
-- car 16
(13, 'Engine', 'V6', 'Internal', 75),
(14, 'Chassis', 'V3', 'Internal', 80),
(15, 'Sidepod', 'V4', 'External', 87),
-- car 55
(16, 'Engine', 'V6', 'Internal', 76),
(17, 'Chassis', 'V3', 'Internal', 82),
(18, 'Sidepod', 'V4', 'External', 85),
-- car 3
(19, 'Engine', 'V5', 'Internal', 85),
(20, 'Chassis', 'V3', 'Internal', 70),
(21, 'Sidepod', 'V3', 'External', 85),
-- car 4
(22, 'Engine', 'V5', 'Internal', 83),
(23, 'Chassis', 'V3', 'Internal', 72),
(24, 'Sidepod', 'V3', 'External', 88),
-- car 31
(25, 'Engine', 'V5', 'Internal', 80),
(26, 'Chassis', 'V3', 'Internal', 70),
(27, 'Sidepod', 'V3', 'External', 90),
-- car 14
(28, 'Engine', 'V5', 'Internal', 78),
(29, 'Chassis', 'V3', 'Internal', 72),
(30, 'Sidepod', 'V3', 'External', 88),
-- car 10
(31, 'Engine', 'V4', 'Internal', 80),
(32, 'Chassis', 'V4', 'Internal', 70),
(33, 'Sidepod', 'V3', 'External', 84),
-- car 22
(34, 'Engine', 'V4', 'Internal', 80),
(35, 'Chassis', 'V4', 'Internal', 72),
(36, 'Sidepod', 'V2', 'External', 85),
-- car 5
(37, 'Engine', 'V4', 'Internal', 80),
(38, 'Chassis', 'V2', 'Internal', 65),
(39, 'Sidepod', 'V3', 'External', 90),
-- car 18
(40, 'Engine', 'V4', 'Internal', 80),
(41, 'Chassis', 'V2', 'Internal', 65),
(42, 'Sidepod', 'V3', 'External', 90),
-- car 99
(43, 'Engine', 'V4', 'Internal', 75),
(44, 'Chassis', 'V3', 'Internal', 69),
(45, 'Sidepod', 'V2', 'External', 84),
-- car 7
(46, 'Engine', 'V4', 'Internal', 77),
(47, 'Chassis', 'V3', 'Internal', 67),
(48, 'Sidepod', 'V2', 'External', 87),
-- car 9
(49, 'Engine', 'V3', 'Internal', 80),
(50, 'Chassis', 'V3', 'Internal', 70),
(51, 'Sidepod', 'V1', 'External', 85),
-- car 47
(52, 'Engine', 'V3', 'Internal', 80),
(53, 'Chassis', 'V3', 'Internal', 68),
(54, 'Sidepod', 'V1', 'External', 82),
-- car 6
(55, 'Engine', 'V4', 'Internal', 82),
(56, 'Chassis', 'V2', 'Internal', 68),
(57, 'Sidepod', 'V1', 'External', 87),
-- car 63
(58, 'Engine', 'V4', 'Internal', 84),
(59, 'Chassis', 'V2', 'Internal', 65),
(60, 'Sidepod', 'V1', 'External', 85);


#cars
INSERT INTO Car (car_ID, car_Version, yearr)
VALUES
    ( 44, 'Mercedes W12', 2021),
    ( 77, 'Mercedes W12', 2021),
    ( 33, 'Red Bull RB16B', 2021),
    ( 11, 'Red Bull RB16B', 2021),
    (16, 'Ferrari SF21', 2021),
    ( 55, 'Ferrari SF21', 2021),
    ( 3, 'McLaren MCL35M', 2021),
    ( 4, 'McLaren MCL35M', 2021),
    ( 14, 'Alpine A521', 2021),
    ( 31, 'Alpine A521', 2021),
    ( 10, 'AlphaTauri AT02', 2021),
    ( 22, 'AlphaTauri AT02', 2021),
    ( 5, 'Aston Martin AMR21', 2021),
    ( 18, 'Aston Martin AMR21', 2021),
    ( 7, 'Alfa Romeo C41', 2021),
    ( 99, 'Alfa Romeo C41', 2021),
    ( 9, 'Haas VF-21', 2021),
    (47, 'Haas VF-21', 2021),
    ( 63, 'Williams FW43B', 2021),
    ( 6, 'Williams FW43B', 2021);
   

#race
INSERT INTO Race (race_ID, datee, weather, race_Name, circuit_Name, region, city, country)
VALUES
    (1, '2021-03-28', 'Sunny', 'Bahrain Grand Prix', 'Bahrain International Circuit', 'Middle East', 'Sakhir', 'Bahrain'),
    (2, '2021-04-18', 'Partly Cloudy', 'Emilia Romagna Grand Prix', 'Imola', 'Europe', 'Imola', 'Italy'),
    (3, '2021-05-02', 'Clear', 'Portuguese Grand Prix', 'Algarve International Circuit', 'Europe', 'Portimao', 'Portugal'),
    (4, '2021-05-09', 'Sunny', 'Spanish Grand Prix', 'Circuit de Barcelona-Catalunya', 'Europe', 'Barcelona', 'Spain'),
    (5, '2021-05-23', 'Overcast', 'Monaco Grand Prix', 'Circuit de Monaco', 'Europe', 'Monte Carlo', 'Monaco'),
    (6, '2021-06-06', 'Rainy', 'Azerbaijan Grand Prix', 'Baku City Circuit', 'Asia', 'Baku', 'Azerbaijan'),
    (7, '2021-06-20', 'Clear', 'French Grand Prix', 'Circuit Paul Ricard', 'Europe', 'Le Castellet', 'France'),
    (8, '2021-06-27', 'Partly Cloudy', 'Styrian Grand Prix', 'Red Bull Ring', 'Europe', 'Spielberg', 'Austria'),
    (9, '2021-07-04', 'Sunny', 'Austrian Grand Prix', 'Red Bull Ring', 'Europe', 'Spielberg', 'Austria'),
    (10, '2021-07-18', 'Clear', 'British Grand Prix', 'Silverstone Circuit', 'Europe', 'Silverstone', 'United Kingdom'),
    (11, '2021-08-01', 'Overcast', 'Hungarian Grand Prix', 'Hungaroring', 'Europe', 'Budapest', 'Hungary'),
    (12, '2021-08-29', 'Sunny', 'Belgian Grand Prix', 'Circuit de Spa-Francorchamps', 'Europe', 'Stavelot', 'Belgium'),
    (13, '2021-09-05', 'Clear', 'Dutch Grand Prix', 'Circuit Zandvoort', 'Europe', 'Zandvoort', 'Netherlands'),
    (14, '2021-09-12', 'Partly Cloudy', 'Italian Grand Prix', 'Autodromo Nazionale Monza', 'Europe', 'Monza', 'Italy'),
    (15, '2021-09-26', 'Rainy', 'Russian Grand Prix', 'Sochi Autodrom', 'Europe', 'Sochi', 'Russia'),
    (16, '2021-10-03', 'Clear', 'Japanese Grand Prix', 'Suzuka International Racing Course', 'Asia', 'Suzuka', 'Japan'),
    (17, '2021-10-10', 'Partly Cloudy', 'United States Grand Prix', 'Circuit of the Americas', 'North America', 'Austin', 'United States'),
    (18, '2021-10-24', 'Sunny', 'Mexican Grand Prix', 'Autodromo Hermanos Rodriguez', 'North America', 'Mexico City', 'Mexico');
  
# accident
    INSERT INTO Accident (accident_ID, car_ID, datee) 
VALUES
    (1, 63, '2021-06-06'), 
    (2, 3, '2021-05-09'), 
    (3, 6, '2021-03-28'), 
    (4, 5, '2021-06-27'), 
    (5, 6, '2021-06-06'), 
    (6, 63, '2021-05-23'),
    (7, 16, '2021-06-06'), 
    (8, 18, '2021-09-26'), 
    (9, 11, '2021-09-26'), 
    (10, 44, '2022-02-15'), 
    (11, 4, '2021-09-26'), 
    (12, 77, '2021-06-06'), 
    (13, 33, '2021-05-02'), 
    (14, 55, '2021-03-28'), 
    (15, 99, '2021-05-02'), 
    (16, 7, '2021-05-09');

	
    



#team principles
INSERT INTO Team_Principal (ID, namee, address, dob, nationality, contract_End, contract_Start)
VALUES
    (21,  'Toto Wolff', 'Mercedes AMG Petronas Formula One Team', '1972-01-12', 'Austrian', '2019-12-31', '2021-01-01'),
    (22,  'Christian Horner', 'Red Bull Racing', '1973-02-16', 'British', '2021-12-31', '2023-01-01'),
    (23,  'Mattia Binotto', 'Scuderia Ferrari', '1969-11-03', 'Italian', '2021-12-31', '2025-01-01'),
    (24,  'Andreas Seidl', 'McLaren F1 Team', '1976-08-17', 'German', '2021-12-31', '2023-01-01'),
    (25,  'Laurent Rossi', 'Alpine F1 Team', '1968-04-26', 'French', '2021-12-31', '2022-01-01'),
    (26,   'Franz Tost', 'Scuderia AlphaTauri', '1956-01-20', 'Austrian', '2021-12-31', '2029-01-01'),
    (27,  'Otmar Szafnauer', 'Aston Martin Cognizant F1 Team', '1964-08-01', 'American', '2021-12-31', '2023-01-01'),
    (28,  'Frédéric Vasseur', 'Alfa Romeo Racing Orlen', '1968-08-25', 'French', '2021-12-31', '2024-01-01'),
    (29,  'Guenther Steiner', 'Uralkali Haas F1 Team', '1965-04-10', 'Italian', '2021-12-31', '2024-01-01'),
    (30,  'Jost Capito', 'Williams Racing', '1958-01-04', 'German', '2021-12-31', '2023-01-01');
    
    
#teams 
INSERT INTO Team (team_ID, team_Name, team_principal_ID, headquarters, engine_Supplier, main_Sponsor,total_Points)
VALUES
    (1,  'Mercedes-AMG Petronas Formula One Team', 21, 'Brackley, Northamptonshire', 'Mercedes', 'Ineos',0),
    (2,  'Red Bull Racing', 22, 'Milton Keynes, Buckinghamshire', 'Honda', 'Red Bull',0),
    (3, 'Scuderia Ferrari', 23, 'Maranello, Italy', 'Ferrari', 'Mission Winnow',0),
    (4,  'McLaren F1 Team', 24, 'Woking, Surrey', 'Mercedes', 'McLaren',0),
    (5,  'Alpine F1 Team', 25, 'Enstone, Oxfordshire', 'Renault', 'Alpine',0),
    (6,  'Scuderia AlphaTauri', 26, 'Faenza, Italy', 'Honda', 'Scuderia AlphaTauri',0),
    (7,  'Aston Martin Cognizant Formula One Team', 27, 'Silverstone, Northamptonshire', 'Mercedes', 'Aston Martin',0),
    (8,  'Alfa Romeo Racing Orlen', 28, 'Hinwil, Switzerland', 'Ferrari', 'Alfa Romeo Racing Orlen',0),
    (9,  'Williams Racing', 29, 'Grove, Oxfordshire', 'Mercedes', 'Rokit',0),
    (10,  'Haas F1 Team', 30, 'Kannapolis, North Carolina', 'Ferrari', 'Haas Automation',0);
    
#drivers
INSERT INTO Driver (ID, team_ID, car_ID, namee, address, dob, nationality, contract_End, contract_Start, positionn)
VALUES
    (51, 1, 44, 'Lewis Hamilton', 'Stevenage, Hertfordshire', '1985-01-07', 'British', '2021-12-31', '2021-01-01', 1),
    (52, 2, 33, 'Max Verstappen', 'Hasselt, Belgium', '1997-09-30', 'Dutch', '2021-12-31', '2021-01-01', 2),
    (53, 3, 16, 'Charles Leclerc', 'Monte Carlo, Monaco', '1997-10-16', 'Monegasque', '2021-12-31', '2021-01-01', 3),
    (54, 4, 4, 'Lando Norris', 'Bristol, United Kingdom', '1999-11-13', 'British', '2021-12-31', '2021-01-01', 4),
    (55, 3, 55, 'Carlos Sainz', 'Madrid, Spain', '1994-09-01', 'Spanish', '2021-12-31', '2021-01-01', 5),
    (56, 6, 10,  'Pierre Gasly', 'Rouen, France', '1996-02-07', 'French', '2021-12-31', '2021-01-01', 6),
    (57, 7, 5,  'Sebastian Vettel', 'Heppenheim, Germany', '1987-07-03', 'German', '2021-12-31', '2021-01-01', 7),
    (58, 5, 14,  'Fernando Alonso', 'Oviedo, Spain', '1981-07-29', 'Spanish', '2021-12-31', '2021-01-01', 8),
    (59, 5, 31,  'Esteban Ocon', 'Évreux, France', '1996-09-17', 'French', '2021-12-31', '2021-01-01', 9),
    (60, 6, 22,  'Yuki Tsunoda', 'Sagamihara, Japan', '2000-05-11', 'Japanese', '2021-12-31', '2021-01-01', 10),
    (61, 1, 77,  'Valtteri Bottas', 'Nastola, Finland', '1989-08-28', 'Finnish', '2021-12-31', '2021-01-01', 11),
    (62, 2, 11,  'Sergio Pérez', 'Guadalajara, Mexico', '1990-01-26', 'Mexican', '2021-12-31', '2021-01-01', 12),
    (63, 8, 7,  'Kimi Räikkönen', 'Espoo, Finland', '1979-10-17', 'Finnish', '2021-12-31', '2021-01-01', 13),
    (64, 8, 99,  'Antonio Giovinazzi', 'Martina Franca, Italy', '1993-12-14', 'Italian', '2021-12-31', '2021-01-01', 14),
    (65, 10, 47,  'Mick Schumacher', 'Vufflens-le-Château, Switzerland', '1999-03-22', 'German', '2021-12-31', '2021-01-01', 15),
    (66, 10, 9,  'Nikita Mazepin', 'Moscow, Russia', '1999-03-02', 'Russian', '2021-12-31', '2021-01-01', 16),
    (67, 7, 18,  'Lance Stroll', 'Kraków, Poland', '1984-12-07', 'Polish', '2021-12-31', '2021-01-01', 17),
    (68, 9, 6, 'Nicholas Latifi', 'Montreal, Canada', '1995-06-29', 'Canadian', '2021-12-31', '2021-01-01', 18),
    (69, 9, 63, 'George Russell', 'King\'s Lynn, United Kingdom', '1998-02-15', 'British', '2021-12-31', '2021-01-01', 19),
    (70, 4, 3, 'Daniel Ricciardo', 'Perth, Australia', '1989-07-01', 'Australian', '2021-12-31', '2021-01-01', 20);

 INSERT INTO Standings (standings_ID, race_Result, points, race_ID, driver_ID)
VALUES
    (1, 1,  25, 1, 51),   -- Lewis Hamilton
    (2, 2,  18, 1, 52),   -- Max Verstappen
    (3, 3,  15, 1, 53),   -- Charles Leclerc
    (4, 4, 12, 1, 54),   -- Lando Norris
    (5, 5, 10, 1, 55),   -- Carlos Sainz
    (6, 6, 8, 1, 56),    -- Pierre Gasly
    (7, 7, 6, 1, 57),    -- Sebastian Vettel
    (8, 8, 4, 1, 58),    -- Fernando Alonso
    (9, 9, 2, 1, 59),    -- Esteban Ocon
    (10, 10,  1, 1, 60), -- Yuki Tsunoda
    (11, 11,  0, 1, 61), -- Valtteri Bottas
    (12, 12,  0, 1, 62), -- Sergio Pérez
    (13, 13,  0, 1, 63), -- Kimi Räikkönen
    (14, 14,  0, 1, 64), -- Antonio Giovinazzi
    (15, 15,  0, 1, 65), -- Mick Schumacher
    (16, 16,  0, 1, 66), -- Nikita Mazepin
    (17, 17,  0, 1, 67), -- Lance Stroll
    (18, 18,  0, 1, 68), -- Nicholas Latifi
  
    
    (21, 1,  25, 2, 52),   -- Max Verstappen
    (22, 2,  18, 2, 51),   -- Lewis Hamilton
    (23, 3,  15, 2, 53),   -- Charles Leclerc
    (24, 4,  12, 2, 54),   -- Lando Norris
    (25, 5,  10, 2, 55),   -- Carlos Sainz
    (26, 6,  8, 2, 56),    -- Pierre Gasly
    (27, 7,  6, 2, 57),    -- Sebastian Vettel
    (28, 8,  4, 2, 58),    -- Fernando Alonso
    (29, 9,  2, 2, 59),    -- Esteban Ocon
    (30, 10,  1, 2, 60),  -- Yuki Tsunoda
    (31, 11,  0, 2, 61),  -- Valtteri Bottas
    (32, 12,  0, 2, 62),  -- Sergio Pérez
    (33, 13,  0, 2, 63),  -- Kimi Räikkönen
    (34, 14,  0, 2, 64),  -- Antonio Giovinazzi
    (35, 15,  0, 2, 65),  -- Mick Schumacher
    (36, 16,  0, 2, 66),  -- Nikita Mazepin
    (37, 17,  0, 2, 67),  -- Lance Stroll
    (39, 18,  0, 2, 69),  -- George Russell
    (40, 29,  0, 2, 70),  -- Daniel Ricciardo
    
    (41, 1,  25, 3, 51),   -- Lewis Hamilton
    (42, 2,  18, 3, 52),   -- Max Verstappen
    (43, 3,  15, 3, 61),   -- Valtteri Bottas
    (44, 4,  12, 3, 53),   -- Charles Leclerc
    (45, 5,  10, 3, 55),   -- Carlos Sainz
    (46, 6,  8, 3, 58),    -- Fernando Alonso
    (47, 7,  6, 3, 59),    -- Esteban Ocon
    (48, 8,  4, 3, 70),     -- Daniel Ricciardo
    (49, 9,  2, 3, 54),     -- Lando Norris
    (50, 10,  1, 3, 56),  -- Pierre Gasly				
    (51, 11,  0, 3, 67),  -- Lance Stroll
    (52, 12,  0, 3, 62),  -- Sergio Pérez
    (53, 13,  0, 3, 60),  -- Yuki Tsunoda
    (54, 14,  0, 3, 64),  -- Antonio Giovinazzi
    (55, 15,  0, 3, 63),   -- Kimi Räikkönen
    (56, 16,  0, 3, 65),  -- Mick Schumacher
    (57, 17,  0, 3, 66),   -- Nikita Mazepin
    
    (61, 1,  25, 4, 51),   -- Lewis Hamilton
    (62, 2,  18, 4, 52),   -- Max Verstappen
    (63, 3,  15, 4, 61),   -- Valtteri Bottas
    (64, 4,  12, 4, 55),   -- Carlos Sainz
    (65, 5,  10, 4, 62),   -- Sergio Pérez
    (66, 6, 8, 4, 54),     -- Lando Norris
    (67, 7,  6, 4, 70),     -- Daniel Ricciardo
    (68, 8,  4, 4, 58),    -- Fernando Alonso				
    (69, 9,  2, 4, 59),    -- Esteban Ocon
    (70, 10,  1, 4, 60),  -- Yuki Tsunoda
    (71, 11,  0, 4, 64),  -- Antonio Giovinazzi
    (72, 12,  0, 4, 63),   -- Kimi Räikkönen
    (73, 13,  0, 4, 57),   -- Sebastian Vettel
    (74, 14,  0, 4, 69),  -- George Russell
    (75, 15,  0, 4, 56),  -- Pierre Gasly
    (76, 16,  0, 4, 68),   -- Nicholas Latifi
    (77, 17,  0, 4, 65),  -- Mick Schumacher
    (78, 18,  0, 4, 66),   -- Nikita Mazepin
    
    (81, 1,  25, 5, 51),    -- Lewis Hamilton
    (82, 2,  18, 5, 52),    -- Max Verstappen
    (83, 3,  15, 5, 55),    -- Carlos Sainz
    (84, 4,  12, 5, 70),     -- Daniel Ricciardo
    (85, 5,  10, 5, 61),    -- Valtteri Bottas
    (86, 6,  8, 5, 53),     -- Charles Leclerc
    (87, 7,  6, 5, 59),     -- Esteban Ocon
    (88, 8,  4, 5, 58),     -- Fernando Alonso
    (89, 9,  2, 5, 69),     -- George Russell
    (90, 10, 1, 5, 65),   -- Mick Schumacher
    (91, 11,  0, 5, 64),   -- Antonio Giovinazzi
    (92, 12,  0, 5, 63),    -- Kimi Räikkönen
    (93, 13,  0, 5, 57),    -- Sebastian Vettel
    (94, 14,  0, 5, 56),   -- Pierre Gasly
    (95, 15,  0, 5, 60),   -- Yuki Tsunoda
    (96, 16,  0, 5, 66),    -- Nikita Mazepin
    (97, 17, 0, 5, 68),    -- Nicholas Latifi
    (98, 18,  0, 5, 67),   -- Lance Stroll
    (99, 19,  0, 5, 54),    -- Lando Norris
    
    (101, 1,  25, 6, 62),   -- Sergio Pérez
    (102, 2,  18, 6, 57),    -- Sebastian Vettel
    (103, 3,  15, 6, 60),   -- Yuki Tsunoda
    (104, 4,  12, 6, 52),   -- Max Verstappen
    (105, 5,  10, 6, 67),   -- Lance Stroll
    (106, 6,  8, 6, 61),    -- Valtteri Bottas
    (107, 7,  6, 6, 54),     -- Lando Norris
    (108, 8,  4, 6, 58),    -- Fernando Alonso
    (109, 9,  2, 6, 59),    -- Esteban Ocon
    (110, 10, 1, 6, 70),   -- Daniel Ricciardo
    (111, 11,  0, 6, 53),  -- Charles Leclerc
    (112, 12,  0, 6, 55),  -- Carlos Sainz
    (113, 13,  0, 6, 69),  -- George Russell
    (114, 14,  0, 6, 65),  -- Mick Schumacher
    (115, 15,  0, 6, 68),   -- Nicholas Latifi
    (116, 16,  0, 6, 64),  -- Antonio Giovinazzi
    (117, 17,  0, 6, 63),   -- Kimi Räikkönen
    (118, 18,  0, 6, 56),  -- Pierre Gasly
    (119, 19,  0, 6, 66),   -- Nikita Mazepin
    
    
    (121, 1,  25, 7, 51),   -- Lewis Hamilton
    (122, 2,  18, 7, 61),   -- Valtteri Bottas
    (123, 3,  15, 7, 52),   -- Max Verstappen
    (124, 4,  12, 7, 70),    -- Daniel Ricciardo
    (125, 5,  10, 7, 55),   -- Carlos Sainz
    (126, 6,  8, 7, 54),     -- Lando Norris
    (127, 7,  6, 7, 58),    -- Fernando Alonso
    (128, 8,  4, 7, 53),    -- Charles Leclerc
    (129, 9,  2, 7, 59),    -- Esteban Ocon
    (130, 10,  1, 7, 69),  -- George Russell
    (131, 11,  0, 7, 57),   -- Sebastian Vettel
    (132, 12,  0, 7, 56),  -- Pierre Gasly
    (133, 13,  0, 7, 60),  -- Yuki Tsunoda
    (134, 14,  0, 7, 65),  -- Mick Schumacher
    (135, 15,  0, 7, 68),   -- Nicholas Latifi
    (136, 16,  0, 7, 64),  -- Antonio Giovinazzi
    (137, 17,  0, 7, 63),   -- Kimi Räikkönen
    (138, 18,  0, 7, 66),   -- Nikita Mazepin
    (139, 19,  0, 7, 67),  -- Lance Stroll
    (140, 20,  0, 7, 62),  -- Sergio Pérez
    
    (141, 1,  25, 8, 51),   -- Lewis Hamilton
    (142, 2,  18, 8, 52),   -- Max Verstappen
    (143, 3,  15, 8, 61),   -- Valtteri Bottas
    (144, 4,  12, 8, 70),    -- Daniel Ricciardo
    (145, 5,  10, 8, 55),   -- Carlos Sainz
    (146, 6,  8, 8, 53),    -- Charles Leclerc
    (147, 7,  6, 8, 56),    -- Pierre Gasly
    (148, 8,  4, 8, 59),    -- Esteban Ocon
    (149, 9, 2, 8, 58),    -- Fernando Alonso
    (150, 10,  1, 8, 69),  -- George Russell
    (151, 11,  0, 8, 60),  -- Yuki Tsunoda
    (152, 12,  0, 8, 64),  -- Antonio Giovinazzi
    (153, 13,  0, 8, 57),   -- Sebastian Vettel
    (154, 14,  0, 8, 65),  -- Mick Schumacher
    (155, 15,  0, 8, 63),   -- Kimi Räikkönen
    (156, 16,  0, 8, 68),   -- Nicholas Latifi
    (157, 17,  0, 8, 66),   -- Nikita Mazepin
    (158, 18,  0, 8, 67),  -- Lance Stroll
    (159, 19,  0, 8, 62),  -- Sergio Pérez
  
    
    (161, 1,  25, 9, 52),   -- Max Verstappen
    (162, 2,  18, 9, 51),   -- Lewis Hamilton
    (163, 3,  15, 9, 62),   -- Sergio Pérez
    (164, 4,  12, 9, 55),   -- Carlos Sainz
    (165, 5,  10, 9, 58),   -- Fernando Alonso
    (166, 6,  8, 9, 54),     -- Lando Norris
    (167, 7,  6, 9, 59),    -- Esteban Ocon
    (168, 8, 4, 9, 53),    -- Charles Leclerc
    (169, 9,  2, 9, 67),    -- Lance Stroll
    (170, 10,  1, 9, 70),   -- Daniel Ricciardo
    (171, 11,  0, 9, 64),  -- Antonio Giovinazzi
    (172, 12,  0, 9, 69),  -- George Russell
    (173, 13,  0, 9, 63),   -- Kimi Räikkönen
    (174, 14,  0, 9, 57),   -- Sebastian Vettel
    (175, 15,  0, 9, 56),  -- Pierre Gasly
    (176, 16,  0, 9, 60),  -- Yuki Tsunoda
    (177, 17,  0, 9, 66),   -- Nikita Mazepin
    (178, 18,  0, 9, 65),  -- Mick Schumacher
    (179, 19,  0, 9, 68),   -- Nicholas Latifi
  
    
     (181, 1,  25, 10, 51),   -- Lewis Hamilton
    (182, 2,  18, 10, 52),   -- Max Verstappen
    (183, 3, 15, 10, 61),   -- Valtteri Bottas
    (184, 4,  12, 10, 53),   -- Charles Leclerc
    (185, 5,  10, 10, 55),   -- Carlos Sainz
    (186, 6,  8, 10, 58),    -- Fernando Alonso
    (187, 7, 6, 10, 54),     -- Lando Norris
    (188, 8, 4, 10, 70),     -- Daniel Ricciardo
    (189, 9, 2, 10, 59),    -- Esteban Ocon
    (190, 10,  1, 10, 69),  -- George Russell
    (191, 11,  0, 10, 60),  -- Yuki Tsunoda
    (192, 12,  0, 10, 56),  -- Pierre Gasly
    (193, 13,  0, 10, 64),  -- Antonio Giovinazzi
    (194, 14,  0, 10, 65),  -- Mick Schumacher
    (195, 15,  0, 10, 66),   -- Nikita Mazepin
    (196, 16,  0, 10, 68),   -- Nicholas Latifi
    (197, 17,  0, 10, 67),  -- Lance Stroll
    (198, 18,  0, 10, 57),   -- Sebastian Vettel
    (199, 19,  0, 10, 63),   -- Kimi Räikkönen
    (200, 20,  0, 10, 62),
    
    (201, 1,  25, 11, 59),   -- Esteban Ocon
    (202, 2,18, 11, 58),   -- Fernando Alonso
    (203, 3, 15, 11, 55),   -- Carlos Sainz
    (204, 4,  12, 11, 61),   -- Valtteri Bottas
    (205, 5,  10, 11, 53),   -- Charles Leclerc
    (206, 6,  8, 11, 51),    -- Lewis Hamilton
    (207, 7,  6, 11, 70),     -- Daniel Ricciardo
    (208, 8,  4, 11, 54),     -- Lando Norris
    (209, 9,  2, 11, 67),    -- Lance Stroll
    (210, 10,  1, 11, 62),  -- Sergio Pérez
    (211, 11,  0, 11, 57),   -- Sebastian Vettel
    (212, 12,  0, 11, 60),  -- Yuki Tsunoda
    (213, 13,  0, 11, 59),  -- Nicholas Latifi
    (214, 14,  0, 11, 56),  -- Pierre Gasly
    (215, 15,  0, 11, 65),  -- Mick Schumacher
    (216, 16,  0, 11, 66),   -- Nikita Mazepin
    (217, 17,  0, 11, 64),  -- Antonio Giovinazzi
    (218, 18,  0, 11, 63),   -- Kimi Räikkönen
    (219, 19,  0, 11, 68),   -- Nikolas Latifi
    
    (221, 1,  12.5, 12, 61),   -- Valtteri Bottas
    (222, 2,  12.5, 12, 51),   -- Lewis Hamilton
    (223, 3,  10, 12, 62),     -- Sergio Pérez
    (224, 4,  8, 12, 52),      -- Max Verstappen
    (225, 5,  6, 12, 54),       -- Lando Norris
    (226, 6,  4, 12, 70),       -- Daniel Ricciardo
    (227, 7,  2, 12, 57),       -- Sebastian Vettel
    (228, 8, 1, 12, 53),      -- Charles Leclerc
    (229, 9, 0, 12, 59),      -- Nicholas Latifi
    (230, 10,  0, 12, 67),    -- Lance Stroll
    (231, 11,  0, 12, 69),    -- George Russell
    (232, 12,  0, 12, 56),    -- Pierre Gasly
    (233, 13,  0, 12, 66),     -- Nikita Mazepin
    (234, 14,  0, 12, 64),    -- Antonio Giovinazzi
    (235, 15,  0, 12, 60),    -- Yuki Tsunoda
    (236, 16,  0, 12, 65),    -- Mick Schumacher
    (237, 17,  0, 12, 68),     -- Nikolas Latifi
    (238, 18,  0, 12, 63),     -- Kimi Räikkönen
    (239, 19,  0, 12, 58),    -- Fernando Alonso
   
    
    (241, 1,  25, 13, 52),   -- Max Verstappen
    (242, 2,  18, 13, 51),   -- Lewis Hamilton
    (243, 3,  15, 13, 61),   -- Valtteri Bottas
    (244, 4,  12, 13, 53),   -- Charles Leclerc
    (245, 5, 10, 13, 70),    -- Daniel Ricciardo
    (246, 6,  8, 13, 55),    -- Carlos Sainz
    (247, 7,  6, 13, 58),    -- Fernando Alonso
    (248, 8,  4, 13, 57),     -- Sebastian Vettel
    (249, 9,  2, 13, 54),     -- Lando Norris
    (250, 10,  1, 13, 59),  -- Nicholas Latifi
    (251, 11,  0, 13, 62),  -- Sergio Pérez
    (252, 12,  0, 13, 66),   -- Nikita Mazepin
    (253, 13,  0, 13, 56),  -- Pierre Gasly
    (254, 14,  0, 13, 65),  -- Mick Schumacher
    (255, 15,  0, 13, 60),  -- Yuki Tsunoda
    (256, 16,  0, 13, 68),   -- Nikolas Latifi
    (257, 17,  0, 13, 64),  -- Antonio Giovinazzi
    (258, 18,  0, 13, 63),   -- Kimi Räikkönen
    (259, 19, 0, 13, 67),  -- Lance Stroll
    (260, 20,  0, 13, 69),  -- George Russell
    
    (261, 1,  25, 14, 52),   -- Max Verstappen
    (262, 2,  18, 14, 51),   -- Lewis Hamilton
    (263, 3, 15, 14, 61),   -- Valtteri Bottas
    (264, 4, 12, 14, 53),   -- Charles Leclerc
    (265, 5, 10, 14, 55),   -- Carlos Sainz
    (266, 6, 8, 14, 56),    -- Pierre Gasly
    (267, 7, 6, 14, 67),    -- Lance Stroll
    (268, 8,  4, 14, 70),     -- Daniel Ricciardo
    (269, 9, 2, 14, 62),    -- Sergio Pérez
    (270, 10,  1, 14, 59),  -- Nicholas Latifi
    (271, 11,  0, 14, 63),   -- Kimi Räikkönen
    (272, 12,  0, 14, 64),  -- Antonio Giovinazzi
    (273, 13,  0, 14, 66),   -- Nikita Mazepin
    (274, 14,  0, 14, 60),  -- Yuki Tsunoda
    (275, 15,  0, 14, 54),   -- Lando Norris
    (276, 16,  0, 14, 69),  -- George Russell
    (277, 17,  0, 14, 68),   -- Nikolas Latifi
    (278, 18,  0, 14, 65),  -- Mick Schumacher
    (279, 19,  0, 14, 57),   -- Sebastian Vettel
    (280, 20,  0, 14, 58),  -- Fernando Alonso
    
     (281, 1,  25, 15, 51),   -- Lewis Hamilton
    (282, 2,  18, 15, 61),   -- Valtteri Bottas
    (283, 3,  15, 15, 52),   -- Max Verstappen
    (284, 4, 12, 15, 55),   -- Carlos Sainz
    (285, 5,  10, 15, 53),   -- Charles Leclerc
    (286, 6,  8, 15, 70),     -- Daniel Ricciardo
    (287, 7,  6, 15, 56),    -- Pierre Gasly
    (288, 8, 4, 15, 59),    -- Nicholas Latifi
    (289, 9,  2, 15, 58),    -- Fernando Alonso
    (290, 10,  1, 15, 69),  -- George Russell
    (291, 11,  0, 15, 54),   -- Lando Norris				
    (292, 12,  0, 15, 62),  -- Sergio Pérez
    (293, 13,  0, 15, 60),  -- Yuki Tsunoda
    (294, 14,  0, 15, 57),   -- Sebastian Vettel
    (295, 15,  0, 15, 67),  -- Lance Stroll
    (296, 16,  0, 15, 65),  -- Mick Schumacher
    (297, 17,  0, 15, 66),   -- Nikita Mazepin
    (298, 18,  0, 15, 68),   -- Nikolas Latifi
  
    
    (301, 1,  25, 16, 52),   -- Max Verstappen
    (302, 2,  18, 16, 51),   -- Lewis Hamilton
    (303, 3,  15, 16, 61),   -- Valtteri Bottas
    (304, 4,  12, 16, 53),   -- Charles Leclerc
    (305, 5, 10, 16, 55),   -- Carlos Sainz
    (306, 6,  8, 16, 70),     -- Daniel Ricciardo
    (307, 7, 6, 16, 56),    -- Pierre Gasly
    (308, 8,  4, 16, 59),    -- Nicholas Latifi
    (309, 9, 2, 16, 58),    -- Fernando Alonso
    (310, 10,  1, 16, 69),  -- George Russell
    (311, 11,  0, 16, 54),   -- Lando Norris
    (312, 12,  0, 16, 62),  -- Sergio Pérez
    (313, 13,  0, 16, 60),  -- Yuki Tsunoda
    (314, 14,  0, 16, 57),   -- Sebastian Vettel
    (315, 15,  0, 16, 67),  -- Lance Stroll
    (316, 16,  0, 16, 65),  -- Mick Schumacher
    (317, 17,  0, 16, 66),   -- Nikita Mazepin
    (318, 18,  0, 16, 68),   -- Nikolas Latifi
    (319, 19,  0, 16, 64),  -- Antonio Giovinazzi
    (320, 20,  0, 16, 63),   -- Kimi Räikkönen
    
     (321, 1,  25, 17, 51),   -- Lewis Hamilton
    (322, 2,  18, 17, 52),   -- Max Verstappen
    (323, 3, 15, 17, 61),   -- Valtteri Bottas
    (324, 4, 12, 17, 53),   -- Charles Leclerc
    (325, 5, 10, 17, 55),   -- Carlos Sainz
    (326, 6, 8, 17, 70),     -- Daniel Ricciardo
    (327, 7, 6, 17, 56),    -- Pierre Gasly
    (328, 8, 4, 17, 59),    -- Nicholas Latifi
    (329, 9,  2, 17, 58),    -- Fernando Alonso
    (330, 10,  1, 17, 69),  -- George Russell
    (331, 11,  0, 17, 54),   -- Lando Norris
    (332, 12, 0, 17, 62),  -- Sergio Pérez
    (333, 13, 0, 17, 60),  -- Yuki Tsunoda
    (334, 14,  0, 17, 57),   -- Sebastian Vettel
    (335, 15,  0, 17, 67),  -- Lance Stroll
    (336, 16,  0, 17, 65),  -- Mick Schumacher
    (337, 17,  0, 17, 66),   -- Nikita Mazepin
    (338, 18,  0, 17, 68),   -- Nikolas Latifi
    (339, 19,  0, 17, 64),  -- Antonio Giovinazzi
    (340, 20,  0, 17, 63),   -- Kimi Räikkönen
    
    (341, 1,  25, 18, 52),    -- Max Verstappen
    (342, 2,  18, 18, 51),    -- Lewis Hamilton
    (343, 3,  15, 18, 61),    -- Valtteri Bottas
    (344, 4,  12, 18, 53),    -- Charles Leclerc
    (345, 5,  10, 18, 55),    -- Carlos Sainz
    (346, 6, 8, 18, 70),      -- Daniel Ricciardo
    (347, 7,  6, 18, 56),     -- Pierre Gasly
    (348, 8,  4, 18, 59),     -- lanndo norris
    (349, 9,  2, 18, 58),     -- Fernando Alonso
    (350, 10,  1, 18, 69),   -- George Russell
    (351, 11,  0, 18, 54),    -- Lando Norris
    (352, 12,  0, 18, 62),   -- Sergio Pérez
    (353, 13,  0, 18, 60),   -- Yuki Tsunoda
    (354, 14,  0, 18, 57),    -- Sebastian Vettel
    (355, 15,  0, 18, 67),   -- Lance Stroll
    (356, 16,  0, 18, 65),   -- Mick Schumacher
    (357, 17,  0, 18, 66),    -- Nikita Mazepin
    (358, 18,  0, 18, 68),    -- Nikolas Latifi
    (359, 19,  0, 18, 64),   -- Antonio Giovinazzi
    (360, 20,  0, 18, 63);    -- Kimi Räikkönen

#race engineer
INSERT INTO Race_Engineer (ID, driver_ID, namee, address, dob, nationality, job)
VALUES
    (31, 51, 'Peter Bonnington', 'Oxford, Oxfordshire', '1975-05-07', 'British', 'Race Engineer'),
    (32, 61, 'Riccardo Musconi', 'Milton Keynes, Buckinghamshire', '1974-05-23', 'Australian', 'Race Engineer'),
    (33, 52, 'Gianpiero Lambiase', 'Maranello, Italy', '1972-03-05', 'Italian', 'Race Engineer'),
    (34, 62, 'Mike Lugg', 'Woking, Surrey', '1971-04-14', 'Italian', 'Race Engineer'),
    (35, 56, 'Riccardo Adami', 'Enstone, Oxfordshire', '1979-11-22', 'French', 'Race Engineer'),
    (36, 55, 'Inaki Rueda', 'Faenza, Italy', '1974-09-20', 'British', 'Race Engineer'),
    (37, 70, 'Tom Stallard', 'Brackley, Northamptonshire', '1975-05-07', 'British', 'Race Engineer'),
    (38, 54, 'Andrew Jarvis', 'Hinwil, Switzerland', '1972-04-11', 'Swiss', 'Race Engineer'),
    (39, 58, 'Karel Loos', 'Banbury, Oxfordshire', '1967-12-13', 'Japanese', 'Race Engineer'),
    (40, 59, 'Mark Slade', 'Grove, Oxfordshire', '1974-11-25', 'British', 'Race Engineer'),
    (41, 56, 'Pierre Hamelin', 'Brackley, Northamptonshire', '1970-09-10', 'Italian', 'Race Engineer'),
    (42, 60, 'Antonio Ascari', 'Milton Keynes, Buckinghamshire', '1979-03-25', 'Italian', 'Race Engineer'),
    (43, 63, 'Julien Simon-Chautemps', 'Maranello, Italy', '1969-08-22', 'British', 'Race Engineer'),
    (44, 64, 'Xevi Pujolar', 'Woking, Surrey', '1980-03-17', 'British', 'Race Engineer'),
    (45, 66, ' Gary Gannon', 'Enstone, Oxfordshire', '1975-08-17', 'British', 'Race Engineer'),
    (46, 65, ' Gary Gannon', 'Silverstone, Northamptonshire', '1973-09-29', 'British', 'Race Engineer'),
    (47, 68, 'Jonathan Eddolls', 'Grove, Oxfordshire', '1974-09-20', 'British', 'Race Engineer'),
    (48, 69, 'Dave Robson', 'Banbury, Oxfordshire', '1982-06-05', 'French', 'Race Engineer'),
    (49, 57, 'Mark Temple', 'Faenza, Italy', '1979-11-18', 'British', 'Race Engineer'),
    (50, 67, 'Bradley Joyce', 'Hinwil, Switzerland', '1965-09-27', 'British', 'Race Engineer');

	
    
#sponsors
INSERT INTO Sponsor (sponsor_ID, sponsor_Name, contract_Start, investment_Amount, contract_End)
VALUES
    (1, 'Ineos', '2021-12-31', 50000000, '2023-12-31'),
    (2, 'Red Bull', '2021-12-31', 70000000, '2023-12-31'),
    (3, 'Mission Winnow', '2021-12-31', 80000000, '2023-12-31'),
    (4, 'Castrol', '2021-12-31', 60000000, '2023-12-31'),
    (5, 'Shell', '2021-12-31', 75000000, '2023-12-31'),
    (6, 'Alpine', '2021-12-31', 55000000, '2023-12-31'),
    (7, 'Pirelli', '2021-12-31', 65000000, '2023-12-31'),
    (8, 'AMD', '2021-12-31', 45000000, '2023-12-31'),
    (9, 'UPS', '2021-12-31', 60000000, '2023-12-31'),
    (10, 'Rolex', '2021-12-31', 70000000, '2023-12-31'),
    (11, 'BWT', '2021-12-31', 50000000, '2023-12-31'),
    (12, 'Santander', '2021-12-31', 55000000, '2023-12-31'),
    (13, 'Heineken', '2021-12-31', 80000000, '2024-12-31'),
    (14, 'DHL', '2021-12-31', 65000000, '2024-12-31'),
    (15, 'ExxonMobil', '2021-12-31', 70000000, '2024-12-31'),
    (16, 'Infiniti', '2021-12-31', 50000000, '2024-12-31'),
    (17, 'NVIDIA', '2021-12-31', 75000000, '2024-12-31'),
    (18, 'Aston Martin', '2021-12-31', 60000000, '2024-12-31'),
    (19, 'UBS', '2021-12-31', 45000000, '2024-12-31'),
    (20, 'Gulf Oil', '2021-12-31', 55000000, '2024-12-31'),
    (21, 'Gatorade', '2021-12-31', 70000000, '2024-12-31'),
    (22, 'TATA Communications', '2021-12-31', 50000000, '2024-12-31'),
    (23, 'Gilead Sciences', '2021-12-31', 60000000, '2024-12-31'),
    (24, 'Hewlett Packard Enterprise', '2021-12-31', 80000000, '2024-12-31'),
    (25, 'Hugo Boss', '2021-12-31', 55000000, '2025-12-31'),
    (26, 'Unilever', '2021-12-31', 65000000, '2025-12-31'),
    (27, 'Siemens', '2021-12-31', 70000000, '2025-12-31'),
    (28, 'Monster Energy', '2021-12-31', 50000000, '2025-12-31'),
    (29, 'Accenture', '2021-12-31', 75000000, '2025-12-31'),
    (30, 'Deutsche Bank', '2021-12-31', 60000000, '2025-12-31');



#departments
INSERT INTO Department (building_Number, team_ID, typee, budget, nb_of_Employees)
VALUES
    (1, 1, 'Research and Development', 120000000.00, 150),
    (2, 1, 'Aerodynamics', 110000000.00, 120),
    (3, 1, 'Engineering', 130000000.00, 160),
    (4, 1, 'Technical', 75000000.00, 130),
    (5, 1, 'Vehicle Dynamics', 115000000.00, 140),
    (6, 1, 'Power Unit', 125000000.00, 150),
    (7, 1, 'Data Analysis', 120000000.00, 160),
    (8, 1, 'Simulation', 75000000.00, 120),
    (9, 1, 'Manufacturing', 160000000.00, 140),
    (10, 1, 'Quality Control', 120000000.00, 150),
    

    (11, 2, 'Research and Development', 110000000.00, 150),
    (12, 2, 'Aerodynamics', 120000000.00, 140),
    (13, 2, 'Engineering', 120000000.00, 160),
    (14, 2, 'Technical', 75000000.00, 130),
    (15, 2, 'Vehicle Dynamics', 130000000.00, 150),
    (16, 2, 'Power Unit', 110000000.00, 140),
    (17, 2, 'Data Analysis', 120000000.00, 160),
    (18, 2, 'Simulation', 100000000.00, 120),
    (19, 2, 'Manufacturing', 140000000.00, 140),
    (20, 2, 'Quality Control', 120000000.00, 150),
    
   (21, 3, 'Research and Development', 120000000.00, 200),
    (22, 3, 'Aerodynamics', 110000000.00, 180),
    (23, 3, 'Engineering', 130000000.00, 220),
    (24, 3, 'Technical', 75000000.00, 150),
    (25, 3, 'Vehicle Dynamics', 115000000.00, 190),
    (26, 3, 'Power Unit', 105000000.00, 170),
    (27, 3, 'Data Analysis', 125000000.00, 210),
    (28, 3, 'Simulation', 75000000.00, 160),
    (29, 3, 'Manufacturing', 110000000.00, 180),
    (30, 3, 'Quality Control', 120000000.00, 200),
    
    (31, 4, 'Research and Development', 100000000.00, 150),
    (32, 4, 'Aerodynamics', 95000000.00, 140),
    (33, 4, 'Engineering', 105000000.00, 160),
    (34, 4, 'Technical', 75000000.00, 130),
    (35, 4, 'Vehicle Dynamics', 100000000.00, 140),
    (36, 4, 'Power Unit', 95000000.00, 130),
    (37, 4, 'Data Analysis', 105000000.00, 160),
    (38, 4, 'Simulation', 90000000.00, 120),
    (39, 4, 'Manufacturing', 95000000.00, 140),
    (40, 4, 'Quality Control', 100000000.00, 150),
    
     (41, 5, 'Research and Development', 90000000.00, 140),
    (42, 5, 'Aerodynamics', 85000000.00, 130),
    (43, 5, 'Engineering', 95000000.00, 160),
    (44, 5, 'Technical', 70000000.00, 120),
    (45, 5, 'Vehicle Dynamics', 90000000.00, 130),
    (46, 5, 'Power Unit', 85000000.00, 120),
    (47, 5, 'Data Analysis', 95000000.00, 160),
    (48, 5, 'Simulation', 80000000.00, 120),
    (49, 5, 'Manufacturing', 85000000.00, 130),
    (50, 5, 'Quality Control', 90000000.00, 140),
    
    (51, 6, 'Research and Development', 80000000.00, 130),
    (52, 6, 'Aerodynamics', 75000000.00, 120),
    (53, 6, 'Engineering', 85000000.00, 140),
    (54, 6, 'Technical', 70000000.00, 110),
    (55, 6, 'Vehicle Dynamics', 80000000.00, 120),
    (56, 6, 'Power Unit', 75000000.00, 110),
    (57, 6, 'Data Analysis', 85000000.00, 140),
    (58, 6, 'Simulation', 70000000.00, 110),
    (59, 6, 'Manufacturing', 75000000.00, 120),
    (60, 6, 'Quality Control', 80000000.00, 130),
    
     (61, 7, 'Research and Development', 90000000.00, 140),
    (62, 7, 'Aerodynamics', 85000000.00, 130),
    (63, 7, 'Engineering', 95000000.00, 160),
    (64, 7, 'Technical', 70000000.00, 120),
    (65, 7, 'Vehicle Dynamics', 90000000.00, 130),
    (66, 7, 'Power Unit', 85000000.00, 120),
    (67, 7, 'Data Analysis', 95000000.00, 160),
    (68, 7, 'Simulation', 80000000.00, 120),
    (69, 7, 'Manufacturing', 85000000.00, 130),
    (70, 7, 'Quality Control', 90000000.00, 140),
    
   (71, 8, 'Research and Development', 80000000.00, 130),
    (72, 8, 'Aerodynamics', 75000000.00, 120),
    (73, 8, 'Engineering', 85000000.00, 140),
    (74, 8, 'Technical', 70000000.00, 110),
    (75, 8, 'Vehicle Dynamics', 80000000.00, 120),
    (76, 8, 'Power Unit', 75000000.00, 110),
    (77, 8, 'Data Analysis', 85000000.00, 140),
    (78, 8, 'Simulation', 70000000.00, 110),
    (79, 8, 'Manufacturing', 75000000.00, 120),
    (80, 8, 'Quality Control', 80000000.00, 130),

    (81, 9, 'Research and Development', 70000000.00, 110),
    (82, 9, 'Aerodynamics', 65000000.00, 100),
    (83, 9, 'Engineering', 75000000.00, 120),
    (84, 9, 'Technical', 60000000.00, 90),
    (85, 9, 'Vehicle Dynamics', 70000000.00, 100),
    (86, 9, 'Power Unit', 65000000.00, 90),
    (87, 9, 'Data Analysis', 75000000.00, 120),
    (88, 9, 'Simulation', 60000000.00, 90),
    (89, 9, 'Manufacturing', 65000000.00, 100),
    (90, 9, 'Quality Control', 70000000.00, 110),
    
     (91, 10, 'Research and Development', 60000000.00, 100),
    (92, 10, 'Aerodynamics', 55000000.00, 90),
    (93, 10, 'Engineering', 65000000.00, 110),
    (94, 10, 'Technical', 50000000.00, 80),
    (95, 10, 'Vehicle Dynamics', 60000000.00, 90),
    (96, 10, 'Power Unit', 55000000.00, 80),
    (97, 10, 'Data Analysis', 65000000.00, 110),
    (98, 10, 'Simulation', 50000000.00, 80),
    (99, 10, 'Manufacturing', 55000000.00, 90),
    (100, 10, 'Quality Control', 60000000.00, 100);
    
   





# pitstops
INSERT INTO PitStops (race_ID, timee, duration, type_of_Old, type_of_New)
VALUES
    (1, '2021-03-28', 22.3, 'Soft', 'Medium'),
    (2, '2021-04-18', 23.1, 'Medium', 'Hard'),
    (3, '2021-05-02', 21.8, 'Hard', 'Soft'),
    (4, '2021-05-09', 22.5, 'Soft', 'Medium'),
    (5, '2021-05-23', 24.0, 'Medium', 'Hard'),
    (6, '2021-06-06', 20.7, 'Hard', 'Soft'),
    (7, '2021-06-20', 22.8, 'Soft', 'Medium'),
    (8, '2021-06-27', 21.5, 'Medium', 'Hard'),
    (9, '2021-07-04', 22.2, 'Hard', 'Soft'),
    (10, '2021-07-18', 23.5, 'Soft', 'Medium'),
    (11, '2021-08-01', 22.1, 'Medium', 'Hard'),
    (12, '2021-08-29', 21.9, 'Hard', 'Soft'),
    (13, '2021-09-05', 23.3, 'Soft', 'Medium'),
    (14, '2021-09-12', 22.0, 'Medium', 'Hard'),
    (15, '2021-09-26', 20.5, 'Hard', 'Soft'),
    (16, '2021-10-03', 23.8, 'Soft', 'Medium'),
    (17, '2021-10-10', 22.4, 'Medium', 'Hard'),
    (18, '2021-10-24', 21.6, 'Hard', 'Soft');

#works_in
INSERT INTO Works_in (building_Number, engineer_ID)
VALUES
    (1, 71),
    (2, 72),
    (3, 73),
    (4, 74),
    (5, 75),
    (6, 76),
    (7, 77),
    (8, 78),
    (9, 79),
    (10, 80),
	(11, 81),
    (12, 82),
    (13, 83),
    (14, 84),
    (15, 85),
    (16, 86),
    (17, 87),
    (18, 88),
    (19, 89),
    (20, 90),
    (21, 91),
    (22, 92),
    (23, 93),
    (24, 94),
    (25, 95),
    (26, 96),
    (27, 97),
    (28, 98),
    (29, 99),
    (30, 100),
    (31, 101),
    (32, 102),
    (33, 103),
    (34, 104),
    (35, 105),
    (36, 106),
    (37, 107),
    (38, 108),
    (39, 109),
    (40, 110),
     (41, 111),
    (42, 112),
    (43, 113),
    (44, 114),
    (45, 115),
    (46, 116),
    (47, 117),
    (48, 118),
    (49, 119),
    (50, 120),
    (51, 121),
    (52, 122),
    (53, 123),
    (54, 124),
    (55, 125),
    (56, 126),
    (57, 127),
    (58, 128),
    (59, 129),
    (60, 130),
     (61, 131),
    (62, 132),
    (63, 133),
    (64, 134),
    (65, 135),
    (66, 136),
    (67, 137),
    (68, 138),
    (69, 139),
    (70, 140),
    (71, 141),
    (72, 142),
    (73, 143),
    (74, 144),
    (75, 145),
    (76, 146),
    (77, 147),
    (78, 148),
    (79, 149),
    (80, 150),
     (81, 151),
    (82, 152),
    (83, 153),
    (84, 154),
    (85, 155),
    (86, 156),
    (87, 157),
    (88, 158),
    (89, 159),
    (90, 160),
    (91, 161),
    (92, 162),
    (93, 163),
    (94, 164),
    (95, 165),
    (96, 166),
    (97, 167),
    (98, 168),
    (99, 169),
    (100, 170);
#participates
INSERT INTO Participates (race_ID, car_ID) VALUES
    (1, 44), (2, 44), (3, 44), (4, 44), (5, 44),  (7, 44), (8, 44), (9, 44), (10, 44), (11, 44), (12, 44), (13, 44), (14, 44), (15, 44), (16, 44), (17, 44), (18, 44),
    (1, 33), (2, 33), (3, 33), (4, 33), (5, 33), (6, 33), (7, 33), (8, 33), (9, 33), (10, 33),  (12, 33), (13, 33), (14, 33), (15, 33), (16, 33), (17, 33), (18, 33),
    (1, 16), (2, 16), (3, 16),  (5, 16), (6, 16), (7, 16), (8, 16), (9, 16), (10, 16), (11, 16), (12, 16), (13, 16), (14, 16), (15, 16), (16, 16), (17, 16), (18, 16),
    (1, 4), (2, 4), (3, 4), (4, 4), (5, 4), (6, 4), (7, 4),  (9, 4), (10, 4), (11, 4), (12, 4), (13, 4), (14, 4), (15, 4), (16, 4), (17, 4), (18, 4),
    (1, 55), (2, 55), (3, 55), (4, 55), (5, 55), (6, 55), (7, 55), (8, 55), (9, 55), (10, 55), (11, 55),  (13, 55), (14, 55), (15, 55), (16, 55), (17, 55), (18, 55),
    (1, 10), (2, 10), (3, 10), (4, 10), (5, 10), (6, 10), (7, 10), (8, 10), (9, 10), (10, 10), (11, 10), (12, 10), (13, 10), (14, 10), (15, 10), (16, 10), (17, 10), (18, 10),
    (1, 5), (2, 5), (4, 5), (5, 5), (6, 5), (7, 5), (8, 5), (9, 5), (10, 5), (11, 5), (12, 5), (13, 5), (14, 5), (15, 5), (16, 5), (17, 5), (18, 5),
    (1, 14), (2, 14), (3, 14), (4, 14), (5, 14), (6, 14), (7, 14), (8, 14), (9, 14), (10, 14), (11, 14), (12, 14), (13, 14), (14, 14), (15, 14), (16, 14), (17, 14), (18, 14),
    (1, 31), (2, 31), (3, 31), (4, 31), (5, 31), (6, 31), (7, 31), (8, 31), (9, 31), (10, 31), (11, 31), (12, 31), (13, 31), (14, 31), (15, 31), (16, 31), (17, 31), (18, 31),
    (1, 22), (2, 22), (3, 22), (4, 22), (5, 22), (6, 22), (7, 22), (8, 22), (9, 22), (10, 22), (11, 22), (12, 22), (13, 22), (14, 22), (15, 22), (16, 22), (17, 22), (18, 22),
    (1, 77), (2, 77), (3, 77), (4, 77), (5, 77), (6, 77), (7, 77), (8, 77), (10, 77), (11, 77), (12, 77), (13, 77), (14, 77), (15, 77), (16, 77), (17, 77), (18, 77),
    (1, 11), (2, 11), (3, 11), (4, 11),  (6, 11), (7, 11), (8, 11), (9, 11), (10, 11), (11, 11), (12, 11), (13, 11), (14, 11), (15, 11), (16, 11), (17, 11), (18, 11),
    (1, 7), (2, 7), (3, 7), (4, 7), (5, 7), (6, 7), (7, 7), (8, 7), (9, 7), (10, 7), (11, 7), (12, 7), (13, 7), (14, 7), (16, 7), (17, 7), (18, 7),
    (1, 99), (2, 99), (3, 99), (4, 99), (5, 99), (6, 99), (7, 99), (8, 99), (9, 99), (10, 99), (11, 99), (12, 99), (13, 99), (14, 99), (16, 99), (17, 99), (18, 99),
    (1, 47), (2, 47), (3, 47), (4, 47), (5, 47), (6, 47), (7, 47), (8, 47), (9, 47), (10, 47), (11, 47), (12, 47), (13, 47), (14, 47), (15, 47), (16, 47), (17, 47), (18, 47),
    (1, 9), (2, 9), (3, 9), (4, 9), (5, 9), (6, 9), (7, 9), (8, 9), (9, 9), (10, 9), (11, 9), (12, 9), (13, 9), (14, 9), (15, 9), (16, 9), (17, 9), (18, 9),
    (1, 18), (2, 18), (3, 18),  (5, 18), (6, 18), (7, 18), (8, 18), (9, 18), (10, 18), (11, 18), (12, 18), (13, 18), (14, 18), (15, 18), (16, 18), (17, 18), (18, 18),
    (1, 6), (4, 6), (5, 6), (6, 6), (7, 6), (8, 6), (9, 6), (10, 6), (11, 6), (12, 6), (13, 6), (14, 6), (15, 6), (16, 6), (17, 6), (18, 6),
    (2, 63),  (4, 63), (5, 63), (6, 63), (7, 63), (8, 63), (9, 63), (10, 63), (11, 63), (12, 63), (13, 63), (14, 63), (15, 63), (16, 63), (17, 63), (18, 63),
    (2, 3), (3, 3), (4, 3), (5, 3), (6, 3), (7, 3), (8, 3), (9, 3), (10, 3), (11, 3), (12, 3), (13, 3), (14, 3), (15, 3), (16, 3), (17, 3), (18, 3);
    
#sponsors
INSERT INTO Sponsors (sponsor_ID, car_ID)
VALUES (1,44) , (1,77) , (28,77) , (28,44) ,(2,33) ,(2,11) , (3,16), (3,55), (4,31), (4,14) , (5,16), (5,55), (6,31),(6,14), (8,44), (8,77), (9,44), (9,77), (11,5), (11,18), (12,16), (12,55), (15,3), (15,4), (16,31), (16,14), (20,3), (20,4), (22,63), (22,6), (24,44), (24,77), (2,10), (2,22);
#fixes
INSERT INTO Fixes (mechanic_ID, car_ID)
VALUES
    (1, 44),  
    (2, 77),  
    (3, 33),  
    (4, 11),  
    (5, 16), 
    (6, 55),  
    (7, 3),  
    (8, 4),  
    (9, 14),  
    (10, 31), 
    (11, 10),
    (12, 22),
    (13, 5), 
    (14, 18),
    (15, 7), 
    (16, 99),
    (17, 18),  
    (18, 47), 
    (19, 63), 
    (20, 6);  
    
     INSERT INTO Damages (parts_ID, car_ID, accident_ID) VALUES
-- Accident 1
(60, 63, 1), (20, 3, 1),
-- Accident 2
(55, 6, 2),
-- Accident 3
(39, 5, 3), (56, 6, 3), (60, 63, 3),
-- Accident 4
(13, 16, 4),
-- Accident 5
(42, 18, 5),
-- Accident 6
(3, 44, 6),
-- Accident 8
(22, 4, 8),
-- Accident 9
(4, 77, 9),
-- Accident 11
(7, 33, 11),
-- Accident 12
(18, 55, 12),
-- Accident 15
(43, 99, 15), (15, 7, 15);
    
# fabricates
INSERT INTO Fabricates (building_Number, engineer_ID , parts_ID)
VALUES
    (2, 71,1),
    (6, 72,2),
    (1, 73,3),
    (2, 71,4),
    (6, 72,5),
    (1, 73,6),
    
	(12, 81, 7),
    (16, 82, 8),
    (11, 83, 9),
    (12, 81, 10),
    (16, 82, 11),
    (11, 83, 12),
   
    (22, 91, 13),
    (26, 92, 14),
    (21, 93, 15),
    (22, 91, 16),
    (26, 92, 17),
    (21, 93, 18),
 
    (32, 101, 19),
    (36, 102, 20),
    (31, 103, 21),
    (32, 101, 22),
    (36, 102, 23),
    (31, 103, 24),

    (42, 111, 25),
    (46, 112, 26),
    (41, 113, 27),
    (42, 111, 28),
    (46, 112, 29),
    (41, 113, 30),
  
    (52, 121, 31),
    (56, 122, 32),
    (51, 123, 33),
    (52, 121, 34),
    (56, 122, 35),
    (51, 123, 36),
   
    (62, 131, 37),
    (66, 132, 38),
    (61, 133, 39),
    (62, 131, 40),
    (66, 132, 41),
    (61, 133, 42),
   
    (72, 141, 43),
    (76, 142, 44),
    (71, 143, 45),
    (72, 141, 46),
    (76, 142, 47),
    (71, 143, 48),

    (82, 151, 49),
    (86, 152, 50),
    (81, 153, 51),
    (82, 151, 52),
    (86, 152, 53),
    (81, 153, 54),
   
    (92, 161, 55),
    (96, 162, 56),
    (91, 163, 57),
	(92, 161, 58),
    (96, 162, 59),
    (91, 163, 60);
     
insert into monitors (team_principal_ID ,race_ID,car_ID)
values
	 (21,1, 44), (21,2, 44), (21,3, 44), (21,4, 44),  (21,7, 44), (21,8, 44), (21,10, 44), (21,11, 44), (21,12, 44), (21,13, 44),  (21,15, 44), (21,16, 44),  (21,18, 44),
    (22,1, 33), (22,2, 33), (22,3, 33), (22,4, 33), (22,5, 33), (22,6, 33), (22,7, 33), (22,8, 33), (22,9, 33), (22,10, 33),  (22,12, 33), (22,14, 33), (22,15, 33), (22,16, 33), (22,17, 33), (22,18, 33),
    (23,2, 16), (23,3, 16),  (23,5, 16), (23,6, 16), (23,7, 16), (23,8, 16), (23,9, 16), (23,10, 16), (23,11, 16), (23,12, 16), (23,13, 16), (23,14, 16), (23,15, 16), (23,16, 16), (23,17, 16), (23,18, 16),
    (24,1, 4), (24,2, 4), (24,3, 4), (24,4, 4), (24,5, 4), (24,6, 4), (24,7, 4),  (24,9, 4), (24,10, 4), (24,11, 4), (24,12, 4), (24,13, 4), (24,14, 4), (24,15, 4), (24,16, 4), (24,17, 4), (24,18, 4),
     (23,2, 55), (23,3, 55), (23,4, 55), (23,5, 55), (23,6, 55), (23,7, 55), (23,8, 55), (23,9, 55), (23,10, 55), (23,11, 55),  (23,13, 55), (23,14, 55), (23,15, 55), (23,16, 55), (23,17, 55), (23,18, 55),
    (26,1, 10), (26,2, 10), (26,3, 10), (26,4, 10), (26,5, 10), (26,6, 10), (26,7, 10), (26,8, 10), (26,9, 10), (26,10, 10), (26,11, 10), (26,12, 10), (26,13, 10), (26,14, 10), (26,15, 10), (26,16, 10), (26,17, 10), (26,18, 10),
    (27,1, 5), (27,2, 5), (27,4, 5), (27,5, 5), (27,6, 5), (27,7, 5), (27,8, 5), (27,9, 5), (27,10, 5), (27,11, 5), (27,12, 5), (27,13, 5), (27,14, 5), (27,15, 5), (27,16, 5), (27,17, 5), (27,18, 5),
    (25,1, 14), (25,2, 14), (25,3, 14), (25,5, 14), (25,6, 14), (25,7, 14), (25,8, 14), (25,9, 14), (25,10, 14), (25,11, 14), (25,12, 14), (25,13, 14),  (25,15, 14), (25,16, 14), (25,17, 14), (25,18, 14),
    (25,1, 31), (25,2, 31), (25,3, 31),  (25,5, 31), (25,6, 31), (25,7, 31), (25,8, 31), (25,9, 31), (25,10, 31), (25,11, 31), (25,12, 31), (25,13, 31),  (25,15, 31), (25,16, 31), (25,17, 31), (25,18, 31),
    (26,1, 22), (26,2, 22), (26,3, 22), (26,4, 22), (26,5, 22), (26,6, 22), (26,7, 22), (26,8, 22), (26,9, 22), (26,10, 22), (26,11, 22), (26,12, 22), (26,13, 22), (26,14, 22), (26,15, 22), (26,16, 22), (26,17, 22), (26,18, 22),
    (21,1, 77), (21,2, 77), (21,3, 77), (21,4, 77), (21,6, 77), (21,7, 77), (21,8, 77), (21,10, 77), (21,11, 77), (21,12, 77), (21,13, 77), (21,15, 77), (21,16, 77),  (21,18, 77),
    (22,1, 11), (22,2, 11), (22,3, 11), (22,4, 11),  (22,6, 11), (22,7, 11), (22,8, 11), (22,9, 11), (22,10, 11), (22,11, 11), (22,12, 11),  (22,14, 11), (22,15, 11), (22,16, 11), (22,17, 11), (22,18, 11),
    (28,1, 7), (28,2, 7), (28,3, 7), (28,4, 7), (28,5, 7), (28,6, 7), (28,7, 7), (28,8, 7), (28,9, 7), (28,10, 7), (28,11, 7), (28,12, 7), (28,13, 7), (28,14, 7), (28,16, 7), (28,17, 7), (28,18, 7),
    (28,1, 99), (28,2, 99), (28,3, 99), (28,4, 99), (28,5, 99), (28,6, 99), (28,7, 99), (28,8, 99), (28,9, 99), (28,10, 99), (28,11, 99), (28,12, 99), (28,13, 99), (28,14, 99), (28,16, 99), (28,17, 99), (28,18, 99),
    (29,1, 47), (29,2, 47), (29,3, 47), (29,4, 47), (29,5, 47), (29,6, 47), (29,7, 47), (29,8, 47), (29,9, 47), (29,10, 47), (29,11, 47), (29,12, 47), (29,13, 47), (29,14, 47), (29,15, 47), (29,16, 47), (29,17, 47), (29,18, 47),
    (29,1, 9), (29,2, 9), (29,3, 9), (29,4, 9), (29,5, 9), (29,6, 9), (29,7, 9), (29,8, 9), (29,9, 9), (29,10, 9), (29,11, 9), (29,12, 9), (29,13, 9), (29,14, 9), (29,15, 9), (29,16, 9), (29,17, 9), (29,18, 9),
    (27,1, 18), (27,2, 18), (27,3, 18),  (27,5, 18), (27,6, 18), (27,7, 18), (27,8, 18), (27,9, 18), (27,10, 18), (27,11, 18), (27,12, 18), (27,13, 18), (27,14, 18), (27,15, 18), (27,16, 18), (27,17, 18), (27,18, 18),
    (30,1, 6), (30,4, 6), (30,5, 6), (30,6, 6), (30,7, 6), (30,8, 6), (30,11, 6), (30,12, 6), (30,13, 6), (30,14, 6), (30,15, 6), (30,16, 6), (30,17, 6), (30,18, 6),
    (30,2, 63),  (30,4, 63), (30,5, 63), (30,6, 63), (30,7, 63), (30,8, 63),(30,11, 63), (30,12, 63), (30,13, 63), (30,14, 63), (30,15, 63), (30,16, 63), (30,17, 63), (30,18, 63),
    (24,2, 3), (24,3, 3), (24,4, 3), (24,5, 3), (24,6, 3), (24,7, 3), (24,8, 3), (24,9, 3), (24,10, 3), (24,11, 3), (24,12, 3), (24,13, 3), (24,14, 3), (24,15, 3), (24,16, 3), (24,17, 3), (24,18, 3);
    
     
     
    
     
     
     
     
